ticker,weight
A,0.0
AAPL,7.273766160719151e-09
ABBV,0.0
ABNB,0.0
ABT,7.548535558078883e-05
ACGL,0.004593956705279343
ACN,0.0
ADBE,8.791965421377602e-05
ADI,0.0
ADM,0.0
ADP,0.0007612337092708617
ADSK,0.00027068976043973143
AEE,0.0021304181753589663
AEP,0.0006879107849909822
AES,0.0
AFL,0.002311392356192139
AIG,0.0008348633922699228
AIZ,0.0023657336871735395
AJG,0.003495063224497589
AKAM,0.0
ALB,0.0
ALGN,0.0
ALL,0.007507950860004013
ALLE,0.0
AMAT,0.0
AMCR,0.0
AMD,0.00017936497338546552
AME,4.841281253816873e-05
AMGN,0.0
AMP,0.0007701321780896606
AMT,0.0
AMZN,0.0006299283861071901
ANET,0.01922472983135378
AON,0.0014202199279274416
AOS,0.0
APA,0.0
APD,0.0
APH,0.00496212872560155
APO,0.001784830277609767
APP,0.24413861134329579
APTV,0.0
ARE,0.0
ATO,0.0012848848437498471
AVB,0.0
AVGO,0.008371425881636668
AVY,0.0
AWK,1.2962766255998369e-05
AXON,0.04087059188040066
AXP,4.3557389813347674e-05
AZO,0.0005799617282519342
BA,1.3651416190322382e-06
BAC,0.0003581870537856719
BALL,0.0
BAX,0.0
BBY,0.0
BDX,0.0
BEN,0.0
BG,0.0
BIIB,0.0
BK,0.0012202285256486733
BKNG,0.0007806451910815678
BKR,0.0001845417394918395
BLDR,0.0
BLK,2.5931467188667813e-09
BMY,0.0
BR,0.00041731830892674943
BRO,0.0021096195086165513
BSX,0.003409563957433351
BX,0.0
BXP,0.0
C,0.0003001722376574809
CAG,0.0
CAH,0.0059358148094738345
CARR,0.0
CAT,0.0
CB,0.0013372403935878992
CBOE,0.003713866295324939
CBRE,0.0
CCI,0.0
CCL,0.0
CDNS,0.0010686972814793073
CDW,0.0
CEG,0.05212322004756762
CF,8.594783853992612e-06
CFG,0.0
CHD,2.731185920976841e-05
CHRW,6.532436955186941e-05
CHTR,0.0
CI,0.0
CINF,0.0012447085046133773
CL,3.0354489900621126e-05
CLX,4.6115922658267823e-07
CMCSA,0.0
CME,0.006212183485787806
CMG,8.138859647710817e-07
CMI,0.0
CMS,0.0003838607795687701
CNC,0.0
CNP,0.0013516683805160127
COF,3.41497734528979e-05
COIN,0.009697904144915528
COO,0.0
COP,0.0
COR,0.003350490652142184
COST,0.004398958787057171
CPAY,0.0
CPB,0.0
CPRT,0.00011267767047115215
CPT,0.0
CRL,0.0
CRM,0.000549430173095003
CRWD,0.03239078142463812
CSCO,0.0007829383425940466
CSGP,0.0
CSX,0.0
CTAS,0.0009260693316228667
CTRA,0.0004970565559359668
CTSH,0.0
CTVA,0.0
CVS,9.333785524507701e-07
CVX,0.0
D,3.2987558748231806e-05
DAL,0.0
DASH,0.003971228160135686
DAY,0.0
DD,0.0
DDOG,0.00202311209307687
DE,0.0
DECK,0.0
DELL,0.0002107343553542709
DG,0.0
DGX,5.403338327300208e-05
DHI,0.0
DHR,0.0
DIS,0.0
DLR,0.0016705572165638905
DLTR,0.0
DOC,0.0
DOV,0.0
DOW,0.0
DPZ,9.687106311342066e-06
DRI,0.0
DTE,0.0005252617662933214
DUK,0.0012479898227425214
DVA,0.0
DVN,0.0
DXCM,8.103330891245893e-06
EA,0.0009927867478957398
EBAY,3.317720741871095e-06
ECL,9.670410628721105e-05
ED,0.0007074983858736597
EFX,0.0
EG,0.00098924806199557
EIX,2.980494841576079e-06
EL,0.0
ELV,0.0
EME,0.005930699400800765
EMR,0.0
EOG,7.742328563182183e-07
EPAM,0.0
EQIX,0.0006492460163127502
EQR,0.0
EQT,0.010778837625508724
ERIE,0.00017300702935211536
ES,1.0873558574928072e-06
ESS,0.0
ETN,0.002581169231708563
ETR,0.004679490656758899
EVRG,0.001223294708922285
EW,0.0010064047654486246
EXC,0.0014489220659126467
EXE,0.006092751537303752
EXPD,0.0
EXPE,0.0
EXR,0.0
F,0.0
FANG,0.0
FAST,1.901244365661213e-05
FCX,0.0
FDS,1.796343661555502e-05
FDX,0.0
FE,0.0005633790900196349
FFIV,0.00020524833105379692
FICO,0.00230811255117551
FIS,0.0
FISV,0.0
FITB,0.0
FOX,6.518900522060588e-05
FOXA,4.648215133856861e-05
FRT,0.0
FSLR,0.0
FTNT,0.011071354220304126
FTV,0.0
GD,0.0003083201020579296
GDDY,0.0029096300992239852
GE,0.006633337695771787
GEHC,0.0
GEN,1.2942625207139752e-07
GILD,0.0
GIS,0.0
GL,0.004226259012911011
GLW,0.0024617145498627255
GM,0.0
GNRC,0.0
GOOG,0.0019170767039573876
GOOGL,0.0019641027961405737
GPC,0.0
GPN,0.0
GRMN,0.0
GS,0.0008128833585205055
GWW,2.064681139432866e-05
HAL,0.0
HAS,0.0
HBAN,0.0
HCA,6.724958703009379e-06
HD,0.0
HIG,0.002006992130782999
HII,0.00015473763719267168
HLT,7.244190777088076e-05
HOLX,0.0
HON,5.8541597265104555e-06
HOOD,0.019586632315385658
HPE,0.0003076920489720926
HPQ,0.0
HRL,0.0
HSIC,0.0
HST,0.0
HSY,0.0
HUBB,9.031901204824647e-06
HUM,0.0
HWM,0.009793985451001562
IBKR,0.022257586025368464
IBM,0.0010866846634589116
ICE,0.0008577900889432067
IDXX,0.0
IEX,0.0
IFF,0.0
INCY,0.0
INTC,0.0
INTU,0.0012690984167998322
INVH,2.8145109256746126e-05
IP,0.0
IQV,0.0
IR,0.0
IRM,0.00016475869285404802
ISRG,0.0011098152262368748
IT,2.115225912822121e-07
ITW,0.0
IVZ,0.0
J,1.1265132725125273e-05
JBHT,0.0
JBL,0.00018426743798892844
JCI,0.000721225503787002
JKHY,0.0
JNJ,5.612934438972257e-06
JPM,0.00278349452192565
K,0.0006053952389369375
KDP,3.527541881344477e-06
KEY,0.0
KEYS,0.0
KHC,0.0
KIM,0.0
KKR,8.001813035917745e-05
KLAC,3.093914660977057e-07
KMB,4.7974283539681e-06
KMI,0.007504395933564892
KO,0.00022701486799006976
KR,0.002998090026552477
KVUE,0.00032110442164165237
L,0.001673035010491568
LDOS,0.00028465757516074933
LEN,0.0
LH,0.0
LHX,0.0008887960474212924
LII,0.0
LIN,7.36870885791484e-05
LKQ,0.0
LLY,0.0008598093092989011
LMT,0.001948765293857197
LNT,0.0005469013319903518
LOW,0.0
LRCX,0.0
LULU,0.0
LUV,0.0
LVS,0.0
LW,0.0
LYB,0.0
LYV,0.0009269072881203593
MA,0.0005391858608874711
MAA,2.6512105458564765e-08
MAR,0.0
MAS,0.0
MCD,9.512657039734422e-05
MCHP,0.0
MCK,0.006080819143695433
MCO,0.00022796544261532458
MDLZ,0.0
MDT,0.0
MET,0.00014765253355048004
META,0.0032042762006364803
MGM,0.0
MHK,0.0
MKC,0.0
MLM,8.424756584795938e-07
MMC,0.0012316859708361944
MMM,0.0
MNST,2.7881362966296047e-05
MO,0.0012261983171274616
MOH,0.0
MOS,0.0
MPC,0.0
MPWR,0.0
MRK,0.0
MRNA,0.0
MS,0.001166421554907725
MSCI,0.0004638709814287569
MSFT,0.003744909888216216
MSI,0.0034275979070958634
MTB,0.0
MTCH,0.0
MTD,0.0
MU,3.8993941215413704e-05
NCLH,0.0
NDAQ,0.0013903734527032712
NDSN,0.0
NEE,6.534638512388942e-06
NEM,0.0018397816458886303
NFLX,0.020425663723013666
NI,0.002522504617945541
NKE,0.0
NOC,0.0005712118838260372
NOW,0.00379100660035857
NRG,0.009007032650037992
NSC,0.0
NTAP,8.970482878147339e-05
NTRS,3.992780031494036e-06
NUE,0.0
NVDA,0.018276621423279855
NVR,0.0
NWS,7.877092621690399e-05
NWSA,2.4485675519339854e-05
NXPI,0.0
O,4.322966397542658e-06
ODFL,0.0
OKE,0.0015428478557467005
OMC,0.0
ON,0.0
ORCL,0.011224894833596956
ORLY,0.001663435993662382
OTIS,2.3371956314979566e-08
OXY,0.0
PANW,0.010048260849477764
PAYC,0.0
PAYX,7.820613150227469e-05
PCAR,0.0
PCG,0.0003315032290536054
PEG,0.0036681694241733668
PEP,0.0
PFE,0.0
PFG,3.490475340929712e-06
PG,0.0001220965472131882
PGR,0.009191584505679173
PH,8.928355773672462e-08
PHM,0.0
PKG,0.0
PLD,0.0
PLTR,0.07954691991189392
PM,0.005045851129780887
PNC,0.0
PNR,0.0
PNW,0.0007210601585043509
PODD,0.00021834143979934602
POOL,0.0
PPG,0.0
PPL,0.0011059113482883368
PRU,1.9847191675333644e-05
PSA,0.0
PSKY,0.0
PSX,0.0
PTC,5.250416899402266e-06
PWR,0.004798675643514725
PYPL,0.0
QCOM,0.0
RCL,5.692388497452451e-05
REG,3.006738998428395e-07
REGN,0.0
RF,0.0
RJF,0.001041898930890505
RL,0.0
RMD,0.0
ROK,0.0
ROL,0.001672567864655366
ROP,0.00021370118270950888
ROST,0.0
RSG,0.0031256011275955908
RTX,0.003407945481123094
RVTY,0.0
SBAC,0.0
SBUX,0.0
SCHW,0.0027491712220411952
SHW,0.0
SJM,0.0
SLB,0.0
SMCI,0.0
SNA,0.0
SNPS,5.810010604375018e-05
SO,0.0004925956885574233
SPG,0.0
SPGI,0.0006696360715043795
SRE,0.0016122823213233944
STE,0.0
STLD,0.0
STT,8.838193845289898e-06
STX,0.0012446744641008284
STZ,0.0
SW,0.0
SWK,0.0
SWKS,0.0
SYF,0.0
SYK,5.2051736348267774e-05
SYY,0.0
T,0.0013845529934211473
TAP,0.0
TDG,0.0014707204133324844
TDY,0.0002486256970113454
TECH,0.0
TEL,0.0
TER,0.0
TFC,0.0
TGT,0.0
TJX,0.00037419097777187453
TKO,0.0025005616112253877
TMO,0.0
TMUS,0.0038243913410088183
TPL,0.0009062988841055523
TPR,0.0
TRGP,0.004247960507138304
TRMB,2.132193686491231e-06
TROW,0.0
TRV,0.002250567684896611
TSCO,0.0
TSLA,0.002599211114580068
TSN,0.0
TT,0.0015390824197168654
TTD,0.0
TTWO,0.002023611892648209
TXN,0.0
TXT,0.0
TYL,0.0004427932582032121
UAL,0.0
UBER,0.00022343471493415666
UDR,0.0
UHS,0.0
ULTA,0.0
UNH,0.0
UNP,0.0
UPS,0.0
URI,0.0
USB,0.0
V,0.0008453487936393207
VICI,0.0
VLO,0.0
VLTO,0.0
VMC,0.00012094944514812639
VRSK,0.0010664196708024738
VRSN,0.0003095246414801303
VRTX,0.0
VST,0.06200316753917314
VTR,0.0012111029349390374
VTRS,0.0
VZ,6.901605571720054e-05
WAB,0.00016296649120076874
WAT,0.0
WBD,0.0
WDAY,6.666613464696476e-05
WDC,0.0040783358483897185
WEC,0.0006260577953188019
WELL,0.004542571848705319
WFC,0.0011352471575465741
WM,0.0025286550939029816
WMB,0.013226037214859907
WMT,0.002899797268741686
WRB,0.00448050729651177
WSM,0.0
WST,0.0
WTW,0.001806304145448723
WY,0.0
WYNN,0.0
XEL,0.0008510084291687562
XOM,8.291579196784938e-10
XYL,7.447736873102523e-06
XYZ,0.0
YUM,2.0981419570119046e-05
ZBH,0.0
ZBRA,0.0
ZTS,0.0
