Ticker,Weight,Score
APP,0.19898099139623635,2.053732634335091
VST,0.08089222974115085,1.5213961385418098
PLTR,0.0704368005807313,1.45280250860399
CEG,0.06882938210149439,1.441666026926922
AXON,0.03792724786545572,1.181926538050977
CRWD,0.02970369625261499,1.0894572813618224
IBKR,0.024573488742796936,1.0227331041868148
NFLX,0.02028818071649134,0.9594471909152475
ANET,0.020147459310263415,0.9572237596455692
HOOD,0.018303500653686897,0.9270818821420739
NVDA,0.018172205622608982,0.924859839909672
WMB,0.014272243293515985,0.8533046668860601
NRG,0.012696307794842331,0.8206648923306064
EQT,0.012360640254495717,0.8133679018183761
FTNT,0.011596759119886358,0.7962551474656351
ORCL,0.011323352469012537,0.7899477797489138
HWM,0.010965927544795275,0.7815471159081037
PANW,0.009690138969063398,0.7499806225860389
PGR,0.009072145284858142,0.7336856748879133
COIN,0.008946204186404894,0.7302747916567426
KMI,0.008387230181778008,0.7147369394275364
AVGO,0.007725011247373736,0.6954081041631732
EME,0.0074252777747073765,0.6862951699798208
ALL,0.007353442858326442,0.6840748356143984
EXE,0.0070529145742165384,0.6746257522071519
GE,0.006869712461683998,0.6687332141787776
CAH,0.006530818342750772,0.6575506963888746
MCK,0.006369027996723584,0.6520753153529403
CME,0.006341832088807024,0.6511458652329328
ETR,0.005771962556492298,0.6310269038504547
PWR,0.005535262009924562,0.6222803706628565
PM,0.005481170671576172,0.6202467288661272
APH,0.005268106117403837,0.6121035227523473
GL,0.005187482508694472,0.608964892617697
ACGL,0.004695785861791126,0.589082519191084
PEG,0.004683878942072818,0.5885841932917754
TRGP,0.0046351413311955525,0.5865355875695091
WELL,0.004499660576264874,0.5807643627299909
WRB,0.004440181557743985,0.5781940484034447
COST,0.004221629216400064,0.5685474766306474
BSX,0.00406112414788712,0.5612488482182503
WDC,0.00404764814310007,0.560627364018333
DASH,0.0039720680164924,0.5571159593958782
CBOE,0.003961900640870385,0.5566401999022338
TMUS,0.0037770064991638082,0.5478427913526218
COR,0.0037216480700153565,0.5451530860910273
RTX,0.0036578415151269097,0.5420196136726654
AJG,0.0035713106269512408,0.5377114067110764
NOW,0.003552170304880709,0.5367490699095334
MSFT,0.003545269440350392,0.5364012605871269
MSI,0.003249049763997128,0.5210253194200178
GDDY,0.003210295659460917,0.5189454612933692
JPM,0.003208800242773812,0.5188648705613357
META,0.0031620619859506747,0.5163333382196174
RSG,0.0031344791084046827,0.5148276148076468
SCHW,0.0030715055827425907,0.5113565349414287
WMT,0.003028238366211646,0.5089440716323907
ETN,0.002989459181076069,0.5067622433619238
NI,0.00297368172632018,0.5058691581289027
KR,0.002957294739541172,0.5049382195391857
GLW,0.0028834524178163274,0.5007000527459686
TKO,0.0027881326988165034,0.49512081819190135
WM,0.002698575386041046,0.4897617819154331
AEE,0.0024192553592279746,0.47224490169784633
DDOG,0.0023809676864114254,0.4697403581259503
AIZ,0.0022877911755195732,0.4635310534599035
AFL,0.0022529575325005895,0.4611664548260478
FICO,0.0021685227829603792,0.4553318577239687
BRO,0.0021638475125507206,0.4550043949785298
TTWO,0.0021359378782196308,0.45303968493636104
TRV,0.002070272414683241,0.44834865635118476
APO,0.002054896078078489,0.44723590452211254
GOOGL,0.002008507225373243,0.44384483824786947
LMT,0.0019735562204869477,0.4412552391864328
HIG,0.0019663364376340015,0.4407165061656811
GOOG,0.0019617809573592077,0.44037590189472287
TSLA,0.00193097043878308,0.43805830242176036
SRE,0.0019309419350672632,0.4380561469682897
WTW,0.0018952666093375718,0.4353415753913695
NEM,0.0016707199559362219,0.4174212883015548
TDG,0.0016492471970358034,0.41562528359375434
L,0.0016335806142135016,0.4143050539160296
EXC,0.001633439781199495,0.4142931476560875
OKE,0.0016256044810442122,0.4136296571489734
EW,0.0015914256739602952,0.41071020513533624
DLR,0.001578770224556913,0.4096186134051403
ROL,0.0015695994461541842,0.40882394029386804
T,0.0015416065651717825,0.4063789692942651
CNP,0.001462555590017959,0.39931059611235076
DUK,0.0014473794857391023,0.3979246519302535
ORLY,0.0014370845195786968,0.39697894918766435
TT,0.001429860772648616,0.39631267107604007
MS,0.0014241169264748183,0.39578128741988594
AON,0.001415705513915332,0.3950005332743248
EVRG,0.0014038306200519594,0.39389301346398425
WFC,0.0013798792199458336,0.39164002137627757
NDAQ,0.0013510489755064112,0.3888932497627996
MO,0.001350832899004652,0.3888725164475185
ATO,0.0013469838068222986,0.38850281118491464
MMC,0.0013237701370614832,0.38625807102999943
PPL,0.0013062076764919954,0.38454229863872263
CB,0.0012929268976256258,0.3832345872151109
INTU,0.001286078806619461,0.3825567782040323
CINF,0.001267828484463882,0.38073857114334647
ISRG,0.0012531991911082475,0.3792684726542347
STX,0.001229188169461165,0.3768306024490762
BK,0.0012206246200702276,0.3759534569462869
IBM,0.0011677167784519666,0.37044114188740246
RJF,0.001150016456124375,0.3685598810417053
EG,0.0010607483896270308,0.3587656331556919
LLY,0.001040147072413549,0.3564278446937702
VTR,0.000999995466225173,0.35178127429531925
XEL,0.0009993746908320909,0.3517084665111093
BKNG,0.0009730376352686225,0.34859133442970974
GS,0.0009331682381837555,0.3437637067207631
VRSK,0.0009125323291409658,0.3412108196043665
CDNS,0.000911428532020251,0.3410731881414304
LYV,0.0009064028960692261,0.3404451374684978
EA,0.0008937097669987477,0.3388484802569199
V,0.0008833837240903652,0.3375383879194976
AIG,0.0008537785153981414,0.3337247743502142
CSCO,0.0008240241764349437,0.32980205599011353
AEP,0.0008176600993915978,0.32895082192590197
LHX,0.0008174535743397619,0.32892312406537555
CTAS,0.0008108080725112845,0.32802936915177316
JCI,0.0008072305448556387,0.32754620327576456
PNW,0.00079344445870736,0.3256708476807822
ICE,0.0007931920553041535,0.3256363108596243
AMP,0.0007615645077339462,0.32124936116097785
ED,0.0007408695316421282,0.31831268969948306
TPL,0.0007295492852634329,0.31668312329977755
ADP,0.0007246595306100671,0.3159740209698426
WEC,0.0007125664430600933,0.3142064983942705
EQIX,0.0006760324314057932,0.30874212174501264
K,0.0006753139726520126,0.3086327102750284
LNT,0.0006343385598513848,0.30225981443406563
FE,0.0006287121743185543,0.30136350905453124
AMZN,0.0006081386928617565,0.2980397928438444
SO,0.0005992316486586788,0.2965775603444824
SPGI,0.0005972122692681992,0.296244035107845
NOC,0.0005813043056308348,0.2935899741244037
CRM,0.0005648246283311159,0.29078896108400754
DTE,0.0005637497201113861,0.2906043787541776
MA,0.0005200809935150233,0.28289831995082065
CTRA,0.000519718457304998,0.2828325707526666
AZO,0.0005083578896708526,0.28075654983909726
PCG,0.0004986120404026632,0.2789508107231881
BAC,0.000456526336655482,0.2708706727183756
CMS,0.0004289799376903979,0.26530923541047347
KVUE,0.0004088995558614931,0.2611032356352439
HPE,0.00040768476619020493,0.26084441075195325
MSCI,0.00040599856404822574,0.26048429248400734
C,0.0003888393127460532,0.25676161364181466
PODD,0.00038342274361391243,0.2555637963855504
TJX,0.00037329530252024805,0.2532935995123355
LDOS,0.00032801669284621994,0.24260813314302956
BR,0.00032542551594010656,0.24196761369196032
VRSN,0.0003112688397345256,0.23840677322302045
DELL,0.0003112666752684495,0.23840622061971511
GD,0.0002963644434998852,0.23453918228437018
TDY,0.00024909546649923444,0.22134105820919295
JBL,0.00024157139150245767,0.21908965647831447
TYL,0.0002294901775404894,0.21537472771677113
AMD,0.00022565386425509314,0.21416786096875626
IRM,0.00022192462268647007,0.21298149481713746
KO,0.00021941175257687008,0.21217457270785103
FFIV,0.0002174104265488701,0.21152749685379776
ADSK,0.0002108809185170537,0.20938832797097967
MCO,0.00018947363375577606,0.20204881242596767
ROP,0.000180514795697038,0.19881278490948312
UBER,0.00016915692609066182,0.1945524192571362
MET,0.0001658026374289792,0.19325786866396172
BKR,0.0001493120160117494,0.18662577628180635
RCL,0.0001490782963175084,0.18652834965581902
WAB,0.0001312478459087279,0.17877389493966214
KKR,0.00012520292878467586,0.17598603370962132
DXCM,0.0001230777927382863,0.17498464486870638
PG,0.00011217840150895299,0.1696588256265064
ABT,0.00010570722033118344,0.16633166122675022
ERIE,9.76713561483699e-05,0.16200525921715783
MCD,9.72220806245556e-05,0.16175647633564677
HLT,8.99262652462313e-05,0.15760460145591268
NTAP,8.838557985180827e-05,0.15669934431960506
SYK,8.454655593189815e-05,0.15439693726463133
HII,8.35586671757455e-05,0.15379322666899503
ECL,8.088862366899484e-05,0.1521373530907774
VMC,8.027290316490012e-05,0.15175034861192813
FOX,7.908870298912053e-05,0.1510004327381711
CPRT,7.373684564960466e-05,0.14751456145447306
AXP,7.076668498801652e-05,0.14550670002980096
VZ,6.8590140188193e-05,0.14399937404766802
WDAY,6.59725034223733e-05,0.14214372605320597
NWS,6.43863344296104e-05,0.1409952908581761
LIN,6.024314382351991e-05,0.13790369938705344
ADBE,5.920981019398324e-05,0.1371106733694741
FOXA,5.8983067956279324e-05,0.13693542904221828
D,5.669555627793046e-05,0.13514180473586487
COF,5.5073986112601175e-05,0.13384090904123125
PAYX,5.320628589567982e-05,0.13231051361950538
DGX,5.266537985111764e-05,0.13186062029101223
AME,4.221563639647274e-05,0.12248920642232308
CHRW,3.0558608688775525e-05,0.10998105968009342
MU,2.9842413462217287e-05,0.10911505815949252
SNPS,2.774338958275124e-05,0.10649434520574193
CHD,2.6661623972135626e-05,0.10509181849680038
MNST,2.461135120934879e-05,0.10232581053010588
CL,2.2771643578035658e-05,0.09970987381175073
INVH,2.2735283281091518e-05,0.09965677543428832
PRU,2.155731350936444e-05,0.09790501087898622
NWSA,1.9811076426338315e-05,0.09518665497515877
YUM,1.4884334576151415e-05,0.08653328323975723
EIX,1.466103179810038e-05,0.08609836136620011
FDS,1.4202269763144584e-05,0.08519078627336103
GWW,1.3072833241614359e-05,0.08286986179052973
J,1.0664431332509713e-05,0.07743178568689948
NEE,1.0189054090977996e-05,0.07626372196295451
STT,9.997394764630945e-06,0.07578251041581986
HUBB,8.694728902021291e-06,0.07233670503148777
BA,7.746492374347974e-06,0.06960520870375456
DPZ,6.9713653253727895e-06,0.06720155483904856
JNJ,6.709427465574388e-06,0.06634912423266841
HCA,5.663465019066862e-06,0.06270479921710126
AWK,5.648039920983686e-06,0.06264781954566577
CVS,5.2137751698854425e-06,0.060999200178409624
FAST,5.021448842841141e-06,0.0602397353132261
HON,4.663333069775272e-06,0.05877223221079381
CF,3.873063004447918e-06,0.055244819809017354
PFG,3.870739139270769e-06,0.05523376850431855
KDP,3.2237795747687055e-06,0.05196710063640512
NTRS,3.158673134357628e-06,0.051614881700871654
O,2.4307656645087454e-06,0.047299266416799
KMB,2.2620650553140763e-06,0.04617870371860075
TRMB,2.2502578072769093e-06,0.046098217552081024
CMG,1.994632319355506e-06,0.044282043885319713
ES,1.6127963202000728e-06,0.04125404602024405
PTC,8.875591647736168e-07,0.03380693601945063
XYL,7.19015797634789e-07,0.03151516013796811
IT,6.716331317447095e-07,0.0308070947785705
CLX,3.914067687006543e-07,0.025732549567680306
REG,1.6178028900185333e-07,0.019168225492747448
EBAY,1.3936457910885624e-07,0.018238572474491052
XYZ,6.327631032279406e-08,0.014018033381758957
EOG,3.451622634956241e-08,0.011453752917749534
PH,2.4975028993379577e-08,0.010282736519893669
GEN,3.830854809582519e-09,0.005504340245696661
INCY,3.3288023843816797e-09,0.00525254012477311
GILD,3.675910214431505e-10,0.002519967883230792
MLM,4.168680044549932e-11,0.0012197558093460723
VLO,0.0,0.0
VLTO,0.0,0.0
VRTX,0.0,0.0
VTRS,0.0,0.0
WAT,0.0,0.0
AMT,0.0,0.0
AOS,0.0,0.0
UDR,0.0,0.0
UHS,0.0,0.0
ULTA,0.0,0.0
UNH,0.0,0.0
UNP,0.0,0.0
ZTS,0.0,0.0
FTV,0.0,0.0
HSY,0.0,0.0
HUM,0.0,0.0
IDXX,0.0,0.0
IEX,0.0,0.0
IFF,0.0,0.0
FDX,0.0,0.0
FIS,0.0,0.0
FISV,0.0,0.0
FITB,0.0,0.0
FRT,0.0,0.0
FSLR,0.0,0.0
ESS,0.0,0.0
EXPD,0.0,0.0
EXPE,0.0,0.0
EXR,0.0,0.0
F,0.0,0.0
FANG,0.0,0.0
FCX,0.0,0.0
HD,0.0,0.0
HOLX,0.0,0.0
HPQ,0.0,0.0
HRL,0.0,0.0
HSIC,0.0,0.0
HST,0.0,0.0
LRCX,0.0,0.0
LULU,0.0,0.0
LUV,0.0,0.0
LVS,0.0,0.0
LW,0.0,0.0
LYB,0.0,0.0
MAA,0.0,0.0
MAR,0.0,0.0
KIM,0.0,0.0
KLAC,0.0,0.0
LEN,0.0,0.0
LH,0.0,0.0
LII,0.0,0.0
LKQ,0.0,0.0
LOW,0.0,0.0
JBHT,0.0,0.0
JKHY,0.0,0.0
KEY,0.0,0.0
KEYS,0.0,0.0
KHC,0.0,0.0
INTC,0.0,0.0
IP,0.0,0.0
IQV,0.0,0.0
IR,0.0,0.0
ITW,0.0,0.0
IVZ,0.0,0.0
MDT,0.0,0.0
MGM,0.0,0.0
MHK,0.0,0.0
MKC,0.0,0.0
MMM,0.0,0.0
MOH,0.0,0.0
ELV,0.0,0.0
EMR,0.0,0.0
EPAM,0.0,0.0
EQR,0.0,0.0
MAS,0.0,0.0
MCHP,0.0,0.0
MDLZ,0.0,0.0
DRI,0.0,0.0
DVA,0.0,0.0
DVN,0.0,0.0
EFX,0.0,0.0
EL,0.0,0.0
DHI,0.0,0.0
DHR,0.0,0.0
DIS,0.0,0.0
DLTR,0.0,0.0
DOC,0.0,0.0
DOV,0.0,0.0
DOW,0.0,0.0
DAL,0.0,0.0
DAY,0.0,0.0
DD,0.0,0.0
DE,0.0,0.0
DECK,0.0,0.0
DG,0.0,0.0
NDSN,0.0,0.0
CRL,0.0,0.0
CSGP,0.0,0.0
CSX,0.0,0.0
CTSH,0.0,0.0
CTVA,0.0,0.0
AES,0.0,0.0
CVX,0.0,0.0
AKAM,0.0,0.0
ALB,0.0,0.0
NCLH,0.0,0.0
ALGN,0.0,0.0
COO,0.0,0.0
COP,0.0,0.0
CPAY,0.0,0.0
CPB,0.0,0.0
CPT,0.0,0.0
MOS,0.0,0.0
MPC,0.0,0.0
MPWR,0.0,0.0
MRK,0.0,0.0
MRNA,0.0,0.0
MTB,0.0,0.0
MTCH,0.0,0.0
MTD,0.0,0.0
PNR,0.0,0.0
POOL,0.0,0.0
PPG,0.0,0.0
ALLE,0.0,0.0
PSA,0.0,0.0
PSKY,0.0,0.0
PSX,0.0,0.0
AMAT,0.0,0.0
PEP,0.0,0.0
PFE,0.0,0.0
AMCR,0.0,0.0
AMGN,0.0,0.0
PHM,0.0,0.0
PKG,0.0,0.0
PLD,0.0,0.0
PNC,0.0,0.0
ODFL,0.0,0.0
OMC,0.0,0.0
ON,0.0,0.0
OTIS,0.0,0.0
OXY,0.0,0.0
PAYC,0.0,0.0
SPG,0.0,0.0
PCAR,0.0,0.0
NKE,0.0,0.0
NSC,0.0,0.0
TFC,0.0,0.0
NUE,0.0,0.0
NVR,0.0,0.0
BLDR,0.0,0.0
NXPI,0.0,0.0
GPC,0.0,0.0
CMI,0.0,0.0
CNC,0.0,0.0
RL,0.0,0.0
RMD,0.0,0.0
ROK,0.0,0.0
ROST,0.0,0.0
RVTY,0.0,0.0
SBAC,0.0,0.0
GPN,0.0,0.0
GRMN,0.0,0.0
CHTR,0.0,0.0
CI,0.0,0.0
HAL,0.0,0.0
HAS,0.0,0.0
CMCSA,0.0,0.0
HBAN,0.0,0.0
CARR,0.0,0.0
CAT,0.0,0.0
CBRE,0.0,0.0
CCI,0.0,0.0
CCL,0.0,0.0
CDW,0.0,0.0
ADI,0.0,0.0
CFG,0.0,0.0
PYPL,0.0,0.0
QCOM,0.0,0.0
WBD,0.0,0.0
REGN,0.0,0.0
RF,0.0,0.0
BX,0.0,0.0
BXP,0.0,0.0
CAG,0.0,0.0
BALL,0.0,0.0
BAX,0.0,0.0
BBY,0.0,0.0
BDX,0.0,0.0
BEN,0.0,0.0
BG,0.0,0.0
BIIB,0.0,0.0
UPS,0.0,0.0
APA,0.0,0.0
APD,0.0,0.0
APTV,0.0,0.0
ARE,0.0,0.0
AVB,0.0,0.0
AVY,0.0,0.0
ABBV,0.0,0.0
GEHC,0.0,0.0
STE,0.0,0.0
STLD,0.0,0.0
GIS,0.0,0.0
STZ,0.0,0.0
SW,0.0,0.0
SWK,0.0,0.0
SWKS,0.0,0.0
SYF,0.0,0.0
SBUX,0.0,0.0
SHW,0.0,0.0
SJM,0.0,0.0
SLB,0.0,0.0
SMCI,0.0,0.0
SNA,0.0,0.0
GM,0.0,0.0
ACN,0.0,0.0
A,0.0,0.0
XOM,0.0,0.0
GNRC,0.0,0.0
URI,0.0,0.0
USB,0.0,0.0
ZBH,0.0,0.0
ZBRA,0.0,0.0
ABNB,0.0,0.0
TXN,0.0,0.0
TXT,0.0,0.0
UAL,0.0,0.0
WSM,0.0,0.0
WST,0.0,0.0
AAPL,0.0,0.0
WY,0.0,0.0
WYNN,0.0,0.0
TGT,0.0,0.0
TMO,0.0,0.0
TPR,0.0,0.0
VICI,0.0,0.0
TROW,0.0,0.0
TSCO,0.0,0.0
TSN,0.0,0.0
TTD,0.0,0.0
BLK,0.0,0.0
BMY,0.0,0.0
SYY,0.0,0.0
TAP,0.0,0.0
TECH,0.0,0.0
TEL,0.0,0.0
TER,0.0,0.0
ADM,0.0,0.0
